DROP TABLE Emp_Proj;
DROP TABLE Proj;
DROP TABLE Emp;
DROP TABLE Dept;
DROP TABLE Salgrade;

-- Table: Dept
CREATE TABLE Dept (
    deptno integer  NOT NULL,
    dname varchar2(20)  NOT NULL,
    loc varchar2(20)  NOT NULL
) ;

-- Table: Emp
CREATE TABLE Emp (
    empno integer  NOT NULL,
    ename varchar2(20)  NOT NULL,
    job varchar2(20)  NOT NULL,
    mgr integer  NULL,
    hiredate date  NOT NULL,
    sal number(10,2)  NOT NULL,
    comm number(10,2)  NULL,
    deptno integer  NULL
) ;

-- Table: Emp_Proj
CREATE TABLE Emp_Proj (
    empno integer  NOT NULL,
    projno integer  NOT NULL
) ;

-- Table: Proj
CREATE TABLE Proj (
    projno integer  NOT NULL,
    pname varchar2(20)  NOT NULL,
    startdate date  NOT NULL,
    enddate date  NULL
) ;

-- Table: Salgrade
CREATE TABLE Salgrade (
    grade integer  NOT NULL,
    losal number(10,2)  NOT NULL,
    hisal number(10,2)  NOT NULL
) ;


-- Inserts
INSERT INTO EMP VALUES
        (7369, 'SMITH',  'CLERK',     7902,
        TO_DATE('1980-12-17', 'YYYY-MM-DD'),  800, NULL, 20);
INSERT INTO EMP VALUES
        (7499, 'ALLEN',  'SALESMAN',  7698,
        TO_DATE('1981-02-20', 'YYYY-MM-DD'), 1600,  300, 30);
INSERT INTO EMP VALUES
        (7521, 'WARD',   'SALESMAN',  7698,
        TO_DATE('1981-02-22', 'YYYY-MM-DD'), 1250,  500, 30);
INSERT INTO EMP VALUES
        (7566, 'JONES',  'MANAGER',   7839,
        TO_DATE('1981-04-02', 'YYYY-MM-DD'),  2975, NULL, 20);
INSERT INTO EMP VALUES
        (7654, 'MARTIN', 'SALESMAN',  7698,
        TO_DATE('1981-09-28', 'YYYY-MM-DD'), 1250, 1400, 30);
INSERT INTO EMP VALUES
        (7698, 'BLAKE',  'MANAGER',   7839,
        TO_DATE('1981-05-01', 'YYYY-MM-DD'),  2850, NULL, 30);
INSERT INTO EMP VALUES
        (7782, 'CLARK',  'MANAGER',   7839,
        TO_DATE('1981-06-09', 'YYYY-MM-DD'),  2450, NULL, 10);
INSERT INTO EMP VALUES
        (7788, 'SCOTT',  'ANALYST',   7566,
        TO_DATE('1982-12-09', 'YYYY-MM-DD'), 3000, NULL, 20);
INSERT INTO EMP VALUES
        (7839, 'KING',   'PRESIDENT', NULL,
        TO_DATE('1981-11-17', 'YYYY-MM-DD'), 5000, NULL, 10);
INSERT INTO EMP VALUES
        (7844, 'TURNER', 'SALESMAN',  7698,
        TO_DATE('1981-09-08', 'YYYY-MM-DD'),  1500,    0, 30);
INSERT INTO EMP VALUES
        (7876, 'ADAMS',  'CLERK',     7788,
        TO_DATE('1983-01-12', 'YYYY-MM-DD'), 1100, NULL, 20);
INSERT INTO EMP VALUES
        (7900, 'JAMES',  'CLERK',     7698,
        TO_DATE('1981-12-03', 'YYYY-MM-DD'),   950, NULL, 30);
INSERT INTO EMP VALUES
        (7902, 'FORD',   'ANALYST',   7566,
        TO_DATE('1981-12-03', 'YYYY-MM-DD'),  3000, NULL, 20);
INSERT INTO EMP VALUES
        (7934, 'MILLER', 'CLERK',     7782,
        TO_DATE('1982-01-13', 'YYYY-MM-DD'), 1300, NULL, 10);


INSERT INTO PROJ VALUES (1, 'APOLLO XY', TO_DATE('1999-01-01', 'YYYY-MM-DD'), TO_DATE('2010-06-30', 'YYYY-MM-DD'));
INSERT INTO PROJ VALUES (2, 'ZEUS 13', TO_DATE('2005-02-15', 'YYYY-MM-DD'), TO_DATE('2025-08-15', 'YYYY-MM-DD'));
INSERT INTO PROJ VALUES (3, 'HERA_100', TO_DATE('2024-03-01', 'YYYY-MM-DD'), NULL); 
INSERT INTO PROJ VALUES (4, 'HADES', TO_DATE('2020-03-01', 'YYYY-MM-DD'), NULL); 


INSERT INTO EMP_PROJ VALUES (7369, 1); 
INSERT INTO EMP_PROJ VALUES (7499, 2); 
INSERT INTO EMP_PROJ VALUES (7521, 2);
INSERT INTO EMP_PROJ VALUES (7566, 1); 
INSERT INTO EMP_PROJ VALUES (7654, 3);
INSERT INTO EMP_PROJ VALUES (7698, 3);
INSERT INTO EMP_PROJ VALUES (7782, 1);
INSERT INTO EMP_PROJ VALUES (7788, 2);
INSERT INTO EMP_PROJ VALUES (7844, 1);
INSERT INTO EMP_PROJ VALUES (7876, 2);
INSERT INTO EMP_PROJ VALUES (7900, 3);
INSERT INTO EMP_PROJ VALUES (7902, 1);
INSERT INTO EMP_PROJ VALUES (7902, 3);
INSERT INTO EMP_PROJ VALUES (7934, 2);
INSERT INTO EMP_PROJ VALUES (7934, 1);


INSERT INTO DEPT VALUES (10, 'ACCOUNTING', 'NEW YORK');
INSERT INTO DEPT VALUES (20, 'RESEARCH',   'DALLAS');
INSERT INTO DEPT VALUES (30, 'SALES',      'CHICAGO');
INSERT INTO DEPT VALUES (40, 'OPERATIONS', 'BOSTON');


INSERT INTO SALGRADE VALUES (1,  700, 1200);
INSERT INTO SALGRADE VALUES (2, 1201, 1400);
INSERT INTO SALGRADE VALUES (3, 1401, 2000);
INSERT INTO SALGRADE VALUES (4, 2001, 3000);
INSERT INTO SALGRADE VALUES (5, 3001, 9999);


COMMIT;